endpoint,host,server_name,status,target
https://americanmeadows.com/api/mcp,americanmeadows.com,storefront-renderer,200,https://americanmeadows.com/api/mcp
https://aeropress.com/api/mcp,aeropress.com,storefront-renderer,200,https://aeropress.com/api/mcp
https://100percentpure.com/api/mcp,100percentpure.com,storefront-renderer,200,https://100percentpure.com/api/mcp
https://abchome.com/api/mcp,abchome.com,storefront-renderer,200,https://abchome.com/api/mcp
https://2modern.com/api/mcp,2modern.com,storefront-renderer,200,https://2modern.com/api/mcp
https://alexandani.com/api/mcp,alexandani.com,storefront-renderer,200,https://alexandani.com/api/mcp
https://allbirds.com/api/mcp,allbirds.com,storefront-renderer,200,https://allbirds.com/api/mcp
https://allbeauty.com/api/mcp,allbeauty.com,storefront-renderer,200,https://allbeauty.com/api/mcp
https://80stees.com/api/mcp,80stees.com,storefront-renderer,200,https://80stees.com/api/mcp
https://3dtotal.com/api/mcp,3dtotal.com,storefront-renderer,200,https://3dtotal.com/api/mcp
https://alessi.com/api/mcp,alessi.com,storefront-renderer,200,https://alessi.com/api/mcp
https://altn.com/api/mcp,altn.com,storefront-renderer,200,https://altn.com/api/mcp
https://4ocean.com/api/mcp,4ocean.com,storefront-renderer,200,https://4ocean.com/api/mcp
https://aloyoga.com/api/mcp,aloyoga.com,storefront-renderer,200,https://aloyoga.com/api/mcp
https://anastasiabeverlyhills.com/api/mcp,anastasiabeverlyhills.com,storefront-renderer,200,https://anastasiabeverlyhills.com/api/mcp
https://aloha.com/api/mcp,aloha.com,storefront-renderer,200,https://aloha.com/api/mcp
https://americanstandard-us.com/api/mcp,americanstandard-us.com,storefront-renderer,200,https://americanstandard-us.com/api/mcp
https://amazfit.com/api/mcp,amazfit.com,storefront-renderer,200,https://amazfit.com/api/mcp
https://alpinestars.com/api/mcp,alpinestars.com,storefront-renderer,200,https://alpinestars.com/api/mcp
https://amiclubwear.com/api/mcp,amiclubwear.com,storefront-renderer,200,https://amiclubwear.com/api/mcp
https://anovaculinary.com/api/mcp,anovaculinary.com,storefront-renderer,200,https://anovaculinary.com/api/mcp
https://anta.com/api/mcp,anta.com,storefront-renderer,200,https://anta.com/api/mcp
https://anbernic.com/api/mcp,anbernic.com,storefront-renderer,200,https://anbernic.com/api/mcp
https://anseladams.com/api/mcp,anseladams.com,storefront-renderer,200,https://anseladams.com/api/mcp
https://antoniopacelli.com/api/mcp,antoniopacelli.com,storefront-renderer,200,https://antoniopacelli.com/api/mcp
https://ankerjapan.com/api/mcp,ankerjapan.com,storefront-renderer,200,https://ankerjapan.com/api/mcp
https://api.bollandbranch.com/api/mcp,api.bollandbranch.com,storefront-renderer,200,https://api.bollandbranch.com/api/mcp
https://arcadiapublishing.com/api/mcp,arcadiapublishing.com,storefront-renderer,200,https://arcadiapublishing.com/api/mcp
https://ascensionpress.com/api/mcp,ascensionpress.com,storefront-renderer,200,https://ascensionpress.com/api/mcp
https://appraisalfoundation.org/api/mcp,appraisalfoundation.org,storefront-renderer,200,https://appraisalfoundation.org/api/mcp
https://arkivmusic.com/api/mcp,arkivmusic.com,storefront-renderer,200,https://arkivmusic.com/api/mcp
https://artfire.com/api/mcp,artfire.com,storefront-renderer,200,https://artfire.com/api/mcp
https://ashdeco.com/api/mcp,ashdeco.com,storefront-renderer,200,https://ashdeco.com/api/mcp
https://ashford.com/api/mcp,ashford.com,storefront-renderer,200,https://ashford.com/api/mcp
https://audeze.com/api/mcp,audeze.com,storefront-renderer,200,https://audeze.com/api/mcp
https://arcticmonkeys.com/api/mcp,arcticmonkeys.com,storefront-renderer,200,https://arcticmonkeys.com/api/mcp
https://assouline.com/api/mcp,assouline.com,storefront-renderer,200,https://assouline.com/api/mcp
https://athleticbrewing.com/api/mcp,athleticbrewing.com,storefront-renderer,200,https://athleticbrewing.com/api/mcp
https://aukey.com/api/mcp,aukey.com,storefront-renderer,200,https://aukey.com/api/mcp
https://atari.com/api/mcp,atari.com,storefront-renderer,200,https://atari.com/api/mcp
https://armedangels.com/api/mcp,armedangels.com,storefront-renderer,200,https://armedangels.com/api/mcp
https://awaytravel.com/api/mcp,awaytravel.com,storefront-renderer,200,https://awaytravel.com/api/mcp
https://august.com/api/mcp,august.com,storefront-renderer,200,https://august.com/api/mcp
https://avocadogreenmattress.com/api/mcp,avocadogreenmattress.com,storefront-renderer,200,https://avocadogreenmattress.com/api/mcp
https://badgleymischka.com/api/mcp,badgleymischka.com,storefront-renderer,200,https://badgleymischka.com/api/mcp
https://ateliertrottinette.ch/api/mcp,ateliertrottinette.ch,storefront-renderer,200,https://ateliertrottinette.ch/api/mcp
https://artvo.com/api/mcp,artvo.com,storefront-renderer,200,https://artvo.com/api/mcp
https://bakerpublishinggroup.com/api/mcp,bakerpublishinggroup.com,storefront-renderer,200,https://bakerpublishinggroup.com/api/mcp
https://bando.com/api/mcp,bando.com,storefront-renderer,200,https://bando.com/api/mcp
https://barenecessities.com/api/mcp,barenecessities.com,storefront-renderer,200,https://barenecessities.com/api/mcp
https://banyanbotanicals.com/api/mcp,banyanbotanicals.com,storefront-renderer,200,https://banyanbotanicals.com/api/mcp
https://barnesandnoble.com/api/mcp,barnesandnoble.com,storefront-renderer,200,https://barnesandnoble.com/api/mcp
https://bebe.com/api/mcp,bebe.com,storefront-renderer,200,https://bebe.com/api/mcp
https://baseus.com/api/mcp,baseus.com,storefront-renderer,200,https://baseus.com/api/mcp
https://bauer.com/api/mcp,bauer.com,storefront-renderer,200,https://bauer.com/api/mcp
https://bareminerals.com/api/mcp,bareminerals.com,storefront-renderer,200,https://bareminerals.com/api/mcp
https://betseyjohnson.com/api/mcp,betseyjohnson.com,storefront-renderer,200,https://betseyjohnson.com/api/mcp
https://bellross.com/api/mcp,bellross.com,storefront-renderer,200,https://bellross.com/api/mcp
https://benchmade.com/api/mcp,benchmade.com,storefront-renderer,200,https://benchmade.com/api/mcp
https://beardbrand.com/api/mcp,beardbrand.com,storefront-renderer,200,https://beardbrand.com/api/mcp
https://bioliteenergy.com/api/mcp,bioliteenergy.com,storefront-renderer,200,https://bioliteenergy.com/api/mcp
https://bally.com/api/mcp,bally.com,storefront-renderer,200,https://bally.com/api/mcp
https://bcbg.com/api/mcp,bcbg.com,storefront-renderer,200,https://bcbg.com/api/mcp
https://bape.com/api/mcp,bape.com,storefront-renderer,200,https://bape.com/api/mcp
https://billabong.com/api/mcp,billabong.com,storefront-renderer,200,https://billabong.com/api/mcp
https://baublebar.com/api/mcp,baublebar.com,storefront-renderer,200,https://baublebar.com/api/mcp
https://bigfloetoli.com/api/mcp,bigfloetoli.com,storefront-renderer,200,https://bigfloetoli.com/api/mcp
https://bestrealdoll.com/api/mcp,bestrealdoll.com,storefront-renderer,200,https://bestrealdoll.com/api/mcp
https://beautycounter.com/api/mcp,beautycounter.com,storefront-renderer,200,https://beautycounter.com/api/mcp
https://blendtec.com/api/mcp,blendtec.com,storefront-renderer,200,https://blendtec.com/api/mcp
https://bee-link.com/api/mcp,bee-link.com,storefront-renderer,200,https://bee-link.com/api/mcp
https://biggreenegg.com/api/mcp,biggreenegg.com,storefront-renderer,200,https://biggreenegg.com/api/mcp
https://bluefly.com/api/mcp,bluefly.com,storefront-renderer,200,https://bluefly.com/api/mcp
https://bark.co/api/mcp,bark.co,storefront-renderer,200,https://bark.co/api/mcp
https://bkconnection.com/api/mcp,bkconnection.com,storefront-renderer,200,https://bkconnection.com/api/mcp
https://blueland.com/api/mcp,blueland.com,storefront-renderer,200,https://blueland.com/api/mcp
https://bollandbranch.com/api/mcp,bollandbranch.com,storefront-renderer,200,https://bollandbranch.com/api/mcp
https://blackdiamondequipment.com/api/mcp,blackdiamondequipment.com,storefront-renderer,200,https://blackdiamondequipment.com/api/mcp
https://bluesky.com/api/mcp,bluesky.com,storefront-renderer,200,https://bluesky.com/api/mcp
https://bluemercury.com/api/mcp,bluemercury.com,storefront-renderer,200,https://bluemercury.com/api/mcp
https://blink182.com/api/mcp,blink182.com,storefront-renderer,200,https://blink182.com/api/mcp
https://boat-lifestyle.com/api/mcp,boat-lifestyle.com,storefront-renderer,200,https://boat-lifestyle.com/api/mcp
https://bokksu.com/api/mcp,bokksu.com,storefront-renderer,200,https://bokksu.com/api/mcp
https://bodybuilding.com/api/mcp,bodybuilding.com,storefront-renderer,200,https://bodybuilding.com/api/mcp
https://bragg.com/api/mcp,bragg.com,storefront-renderer,200,https://bragg.com/api/mcp
https://brandonsanderson.com/api/mcp,brandonsanderson.com,storefront-renderer,200,https://brandonsanderson.com/api/mcp
https://bmc-switzerland.com/api/mcp,bmc-switzerland.com,storefront-renderer,200,https://bmc-switzerland.com/api/mcp
https://bonnieplants.com/api/mcp,bonnieplants.com,storefront-renderer,200,https://bonnieplants.com/api/mcp
https://brooklinen.com/api/mcp,brooklinen.com,storefront-renderer,200,https://brooklinen.com/api/mcp
https://bruichladdich.com/api/mcp,bruichladdich.com,storefront-renderer,200,https://bruichladdich.com/api/mcp
https://brookstone.com/api/mcp,brookstone.com,storefront-renderer,200,https://brookstone.com/api/mcp
https://cabotcreamery.com/api/mcp,cabotcreamery.com,storefront-renderer,200,https://cabotcreamery.com/api/mcp
https://brewdog.com/api/mcp,brewdog.com,storefront-renderer,200,https://brewdog.com/api/mcp
https://butcherbox.com/api/mcp,butcherbox.com,storefront-renderer,200,https://butcherbox.com/api/mcp
https://builddirect.com/api/mcp,builddirect.com,storefront-renderer,200,https://builddirect.com/api/mcp
https://brownsfashion.com/api/mcp,brownsfashion.com,storefront-renderer,200,https://brownsfashion.com/api/mcp
https://bushnell.com/api/mcp,bushnell.com,storefront-renderer,200,https://bushnell.com/api/mcp
https://bulletjournal.com/api/mcp,bulletjournal.com,storefront-renderer,200,https://bulletjournal.com/api/mcp
https://buywptemplates.com/api/mcp,buywptemplates.com,storefront-renderer,200,https://buywptemplates.com/api/mcp
https://cardosystems.com/api/mcp,cardosystems.com,storefront-renderer,200,https://cardosystems.com/api/mcp
https://brooksengland.com/api/mcp,brooksengland.com,storefront-renderer,200,https://brooksengland.com/api/mcp
https://bustedtees.com/api/mcp,bustedtees.com,storefront-renderer,200,https://bustedtees.com/api/mcp
https://candywarehouse.com/api/mcp,candywarehouse.com,storefront-renderer,200,https://candywarehouse.com/api/mcp
https://cascadedesigns.com/api/mcp,cascadedesigns.com,storefront-renderer,200,https://cascadedesigns.com/api/mcp
https://campmor.com/api/mcp,campmor.com,storefront-renderer,200,https://campmor.com/api/mcp
https://casper.com/api/mcp,casper.com,storefront-renderer,200,https://casper.com/api/mcp
https://carrera-toys.com/api/mcp,carrera-toys.com,storefront-renderer,200,https://carrera-toys.com/api/mcp
https://cbdmd.com/api/mcp,cbdmd.com,storefront-renderer,200,https://cbdmd.com/api/mcp
https://candystore.com/api/mcp,candystore.com,storefront-renderer,200,https://candystore.com/api/mcp
https://catholiccompany.com/api/mcp,catholiccompany.com,storefront-renderer,200,https://catholiccompany.com/api/mcp
https://case-mate.com/api/mcp,case-mate.com,storefront-renderer,200,https://case-mate.com/api/mcp
https://cbrands.com/api/mcp,cbrands.com,storefront-renderer,200,https://cbrands.com/api/mcp
https://charlottesweb.com/api/mcp,charlottesweb.com,storefront-renderer,200,https://charlottesweb.com/api/mcp
https://cbdfx.com/api/mcp,cbdfx.com,storefront-renderer,200,https://cbdfx.com/api/mcp
https://champion.com/api/mcp,champion.com,storefront-renderer,200,https://champion.com/api/mcp
https://celestialseasonings.com/api/mcp,celestialseasonings.com,storefront-renderer,200,https://celestialseasonings.com/api/mcp
https://cheefbotanicals.com/api/mcp,cheefbotanicals.com,storefront-renderer,200,https://cheefbotanicals.com/api/mcp
https://charlotterusse.com/api/mcp,charlotterusse.com,storefront-renderer,200,https://charlotterusse.com/api/mcp
https://choosemuse.com/api/mcp,choosemuse.com,storefront-renderer,200,https://choosemuse.com/api/mcp
https://cduniverse.com/api/mcp,cduniverse.com,storefront-renderer,200,https://cduniverse.com/api/mcp
https://chroniclebooks.com/api/mcp,chroniclebooks.com,storefront-renderer,200,https://chroniclebooks.com/api/mcp
https://celestron.com/api/mcp,celestron.com,storefront-renderer,200,https://celestron.com/api/mcp
https://citywinery.com/api/mcp,citywinery.com,storefront-renderer,200,https://citywinery.com/api/mcp
https://clickandgrow.com/api/mcp,clickandgrow.com,storefront-renderer,200,https://clickandgrow.com/api/mcp
https://chemicalguys.com/api/mcp,chemicalguys.com,storefront-renderer,200,https://chemicalguys.com/api/mcp
https://clifbar.com/api/mcp,clifbar.com,storefront-renderer,200,https://clifbar.com/api/mcp
https://claires.com/api/mcp,claires.com,storefront-renderer,200,https://claires.com/api/mcp
https://colorescience.com/api/mcp,colorescience.com,storefront-renderer,200,https://colorescience.com/api/mcp
https://cobra.com/api/mcp,cobra.com,storefront-renderer,200,https://cobra.com/api/mcp
https://colourpop.com/api/mcp,colourpop.com,storefront-renderer,200,https://colourpop.com/api/mcp
https://clove.co.uk/api/mcp,clove.co.uk,storefront-renderer,200,https://clove.co.uk/api/mcp
https://confluenceoutdoor.com/api/mcp,confluenceoutdoor.com,storefront-renderer,200,https://confluenceoutdoor.com/api/mcp
https://colehaan.com/api/mcp,colehaan.com,storefront-renderer,200,https://colehaan.com/api/mcp
https://cornbreadhemp.com/api/mcp,cornbreadhemp.com,storefront-renderer,200,https://cornbreadhemp.com/api/mcp
https://collins.co.uk/api/mcp,collins.co.uk,storefront-renderer,200,https://collins.co.uk/api/mcp
https://coffeebean.com/api/mcp,coffeebean.com,storefront-renderer,200,https://coffeebean.com/api/mcp
https://cotopaxi.com/api/mcp,cotopaxi.com,storefront-renderer,200,https://cotopaxi.com/api/mcp
https://credobeauty.com/api/mcp,credobeauty.com,storefront-renderer,200,https://credobeauty.com/api/mcp
https://cretathemes.com/api/mcp,cretathemes.com,storefront-renderer,200,https://cretathemes.com/api/mcp
https://cozyearth.com/api/mcp,cozyearth.com,storefront-renderer,200,https://cozyearth.com/api/mcp
https://culturesforhealth.com/api/mcp,culturesforhealth.com,storefront-renderer,200,https://culturesforhealth.com/api/mcp
https://daisonet.com/api/mcp,daisonet.com,storefront-renderer,200,https://daisonet.com/api/mcp
https://davidstea.com/api/mcp,davidstea.com,storefront-renderer,200,https://davidstea.com/api/mcp
https://daily-harvest.com/api/mcp,daily-harvest.com,storefront-renderer,200,https://daily-harvest.com/api/mcp
https://cuyana.com/api/mcp,cuyana.com,storefront-renderer,200,https://cuyana.com/api/mcp
https://cratejoy.com/api/mcp,cratejoy.com,storefront-renderer,200,https://cratejoy.com/api/mcp
https://daddario.com/api/mcp,daddario.com,storefront-renderer,200,https://daddario.com/api/mcp
https://darntough.com/api/mcp,darntough.com,storefront-renderer,200,https://darntough.com/api/mcp
https://curioos.com/api/mcp,curioos.com,storefront-renderer,200,https://curioos.com/api/mcp
https://davidaustinroses.com/api/mcp,davidaustinroses.com,storefront-renderer,200,https://davidaustinroses.com/api/mcp
https://dakine.com/api/mcp,dakine.com,storefront-renderer,200,https://dakine.com/api/mcp
https://davisnet.com/api/mcp,davisnet.com,storefront-renderer,200,https://davisnet.com/api/mcp
https://ctek.com/api/mcp,ctek.com,storefront-renderer,200,https://ctek.com/api/mcp
https://davidsbridal.com/api/mcp,davidsbridal.com,storefront-renderer,200,https://davidsbridal.com/api/mcp
https://dcshoes.com/api/mcp,dcshoes.com,storefront-renderer,200,https://dcshoes.com/api/mcp
https://deciem.com/api/mcp,deciem.com,storefront-renderer,200,https://deciem.com/api/mcp
https://decathlon.com/api/mcp,decathlon.com,storefront-renderer,200,https://decathlon.com/api/mcp
https://davidwolfe.com/api/mcp,davidwolfe.com,storefront-renderer,200,https://davidwolfe.com/api/mcp
https://deschutesbrewery.com/api/mcp,deschutesbrewery.com,storefront-renderer,200,https://deschutesbrewery.com/api/mcp
https://deathwishcoffee.com/api/mcp,deathwishcoffee.com,storefront-renderer,200,https://deathwishcoffee.com/api/mcp
https://danielwellington.com/api/mcp,danielwellington.com,storefront-renderer,200,https://danielwellington.com/api/mcp
https://deeppurple.com/api/mcp,deeppurple.com,storefront-renderer,200,https://deeppurple.com/api/mcp
https://davines.com/api/mcp,davines.com,storefront-renderer,200,https://davines.com/api/mcp
https://despair.com/api/mcp,despair.com,storefront-renderer,200,https://despair.com/api/mcp
https://defjam.com/api/mcp,defjam.com,storefront-renderer,200,https://defjam.com/api/mcp
https://dharmatrading.com/api/mcp,dharmatrading.com,storefront-renderer,200,https://dharmatrading.com/api/mcp
https://deliciouslyella.com/api/mcp,deliciouslyella.com,storefront-renderer,200,https://deliciouslyella.com/api/mcp
https://dermalogica.com/api/mcp,dermalogica.com,storefront-renderer,200,https://dermalogica.com/api/mcp
https://dkny.com/api/mcp,dkny.com,storefront-renderer,200,https://dkny.com/api/mcp
https://dollskill.com/api/mcp,dollskill.com,storefront-renderer,200,https://dollskill.com/api/mcp
https://designmiami.com/api/mcp,designmiami.com,storefront-renderer,200,https://designmiami.com/api/mcp
https://donnakaran.com/api/mcp,donnakaran.com,storefront-renderer,200,https://donnakaran.com/api/mcp
https://dk.com/api/mcp,dk.com,storefront-renderer,200,https://dk.com/api/mcp
https://drhyman.com/api/mcp,drhyman.com,storefront-renderer,200,https://drhyman.com/api/mcp
https://eaglecreek.com/api/mcp,eaglecreek.com,storefront-renderer,200,https://eaglecreek.com/api/mcp
https://dvf.com/api/mcp,dvf.com,storefront-renderer,200,https://dvf.com/api/mcp
https://eagles.com/api/mcp,eagles.com,storefront-renderer,200,https://eagles.com/api/mcp
https://eddiebauer.com/api/mcp,eddiebauer.com,storefront-renderer,200,https://eddiebauer.com/api/mcp
https://eartheasy.com/api/mcp,eartheasy.com,storefront-renderer,200,https://eartheasy.com/api/mcp
https://dreametech.com/api/mcp,dreametech.com,storefront-renderer,200,https://dreametech.com/api/mcp
https://elizabetharden.com/api/mcp,elizabetharden.com,storefront-renderer,200,https://elizabetharden.com/api/mcp
https://ecoalf.com/api/mcp,ecoalf.com,storefront-renderer,200,https://ecoalf.com/api/mcp
https://doshaburi.com/api/mcp,doshaburi.com,storefront-renderer,200,https://doshaburi.com/api/mcp
https://dossier.co/api/mcp,dossier.co,storefront-renderer,200,https://dossier.co/api/mcp
https://eliesaab.com/api/mcp,eliesaab.com,storefront-renderer,200,https://eliesaab.com/api/mcp
https://eio.com/api/mcp,eio.com,storefront-renderer,200,https://eio.com/api/mcp
https://elfcosmetics.com/api/mcp,elfcosmetics.com,storefront-renderer,200,https://elfcosmetics.com/api/mcp
https://enchroma.com/api/mcp,enchroma.com,storefront-renderer,200,https://enchroma.com/api/mcp
https://energymuse.com/api/mcp,energymuse.com,storefront-renderer,200,https://energymuse.com/api/mcp
https://ems.com/api/mcp,ems.com,storefront-renderer,200,https://ems.com/api/mcp
https://epitaph.com/api/mcp,epitaph.com,storefront-renderer,200,https://epitaph.com/api/mcp
https://elegoo.com/api/mcp,elegoo.com,storefront-renderer,200,https://elegoo.com/api/mcp
https://ember.com/api/mcp,ember.com,storefront-renderer,200,https://ember.com/api/mcp
https://escada.com/api/mcp,escada.com,storefront-renderer,200,https://escada.com/api/mcp
https://ericclapton.com/api/mcp,ericclapton.com,storefront-renderer,200,https://ericclapton.com/api/mcp
https://escentual.com/api/mcp,escentual.com,storefront-renderer,200,https://escentual.com/api/mcp
https://everlane.com/api/mcp,everlane.com,storefront-renderer,200,https://everlane.com/api/mcp
https://fashionphile.com/api/mcp,fashionphile.com,storefront-renderer,200,https://fashionphile.com/api/mcp
https://fantagraphics.com/api/mcp,fantagraphics.com,storefront-renderer,200,https://fantagraphics.com/api/mcp
https://fast-growing-trees.com/api/mcp,fast-growing-trees.com,storefront-renderer,200,https://fast-growing-trees.com/api/mcp
https://esrtech.com/api/mcp,esrtech.com,storefront-renderer,200,https://esrtech.com/api/mcp
https://explodingkittens.com/api/mcp,explodingkittens.com,storefront-renderer,200,https://explodingkittens.com/api/mcp
https://cowboy.com/api/mcp,cowboy.com,storefront-renderer,200,https://cowboy.com/api/mcp
https://filson.com/api/mcp,filson.com,storefront-renderer,200,https://filson.com/api/mcp
https://fellowproducts.com/api/mcp,fellowproducts.com,storefront-renderer,200,https://fellowproducts.com/api/mcp
https://fermliving.com/api/mcp,fermliving.com,storefront-renderer,200,https://fermliving.com/api/mcp
https://fentybeauty.com/api/mcp,fentybeauty.com,storefront-renderer,200,https://fentybeauty.com/api/mcp
https://fenwick.co.uk/api/mcp,fenwick.co.uk,storefront-renderer,200,https://fenwick.co.uk/api/mcp
https://firstalert.com/api/mcp,firstalert.com,storefront-renderer,200,https://firstalert.com/api/mcp
https://fcb.ch/api/mcp,fcb.ch,storefront-renderer,200,https://fcb.ch/api/mcp
https://firstwefeast.com/api/mcp,firstwefeast.com,storefront-renderer,200,https://firstwefeast.com/api/mcp
https://fashionnova.com/api/mcp,fashionnova.com,storefront-renderer,200,https://fashionnova.com/api/mcp
https://flipper.net/api/mcp,flipper.net,storefront-renderer,200,https://flipper.net/api/mcp
https://forever21.com/api/mcp,forever21.com,storefront-renderer,200,https://forever21.com/api/mcp
https://flyingtiger.com/api/mcp,flyingtiger.com,storefront-renderer,200,https://flyingtiger.com/api/mcp
https://fye.com/api/mcp,fye.com,storefront-renderer,200,https://fye.com/api/mcp
https://fromourplace.com/api/mcp,fromourplace.com,storefront-renderer,200,https://fromourplace.com/api/mcp
https://frys.com/api/mcp,frys.com,storefront-renderer,200,https://frys.com/api/mcp
https://gaiam.com/api/mcp,gaiam.com,storefront-renderer,200,https://gaiam.com/api/mcp
https://fungi.com/api/mcp,fungi.com,storefront-renderer,200,https://fungi.com/api/mcp
https://fritz.com/api/mcp,fritz.com,storefront-renderer,200,https://fritz.com/api/mcp
https://gaiaherbs.com/api/mcp,gaiaherbs.com,storefront-renderer,200,https://gaiaherbs.com/api/mcp
https://gardeners.com/api/mcp,gardeners.com,storefront-renderer,200,https://gardeners.com/api/mcp
https://gerbergear.com/api/mcp,gerbergear.com,storefront-renderer,200,https://gerbergear.com/api/mcp
https://fc.de/api/mcp,fc.de,storefront-renderer,200,https://fc.de/api/mcp
https://girlfriend.com/api/mcp,girlfriend.com,storefront-renderer,200,https://girlfriend.com/api/mcp
https://gibson.com/api/mcp,gibson.com,storefront-renderer,200,https://gibson.com/api/mcp
https://gestalten.com/api/mcp,gestalten.com,storefront-renderer,200,https://gestalten.com/api/mcp
https://girlboss.com/api/mcp,girlboss.com,storefront-renderer,200,https://girlboss.com/api/mcp
https://gl-inet.com/api/mcp,gl-inet.com,storefront-renderer,200,https://gl-inet.com/api/mcp
https://giunti.it/api/mcp,giunti.it,storefront-renderer,200,https://giunti.it/api/mcp
https://globalhealing.com/api/mcp,globalhealing.com,storefront-renderer,200,https://globalhealing.com/api/mcp
https://glhair.uk/api/mcp,glhair.uk,storefront-renderer,200,https://glhair.uk/api/mcp
https://glossier.com/api/mcp,glossier.com,storefront-renderer,200,https://glossier.com/api/mcp
https://glenmorangie.com/api/mcp,glenmorangie.com,storefront-renderer,200,https://glenmorangie.com/api/mcp
https://godiva.com/api/mcp,godiva.com,storefront-renderer,200,https://godiva.com/api/mcp
https://goalzero.com/api/mcp,goalzero.com,storefront-renderer,200,https://goalzero.com/api/mcp
https://goodamerican.com/api/mcp,goodamerican.com,storefront-renderer,200,https://goodamerican.com/api/mcp
https://greatergood.com/api/mcp,greatergood.com,storefront-renderer,200,https://greatergood.com/api/mcp
https://grasscity.com/api/mcp,grasscity.com,storefront-renderer,200,https://grasscity.com/api/mcp
https://groworganic.com/api/mcp,groworganic.com,storefront-renderer,200,https://groworganic.com/api/mcp
https://goruck.com/api/mcp,goruck.com,storefront-renderer,200,https://goruck.com/api/mcp
https://gooutdoors.co.uk/api/mcp,gooutdoors.co.uk,storefront-renderer,200,https://gooutdoors.co.uk/api/mcp
https://gps.ie/api/mcp,gps.ie,storefront-renderer,200,https://gps.ie/api/mcp
https://gymshark.com/api/mcp,gymshark.com,storefront-renderer,200,https://gymshark.com/api/mcp
https://hak5.org/api/mcp,hak5.org,storefront-renderer,200,https://hak5.org/api/mcp
https://gwar.net/api/mcp,gwar.net,storefront-renderer,200,https://gwar.net/api/mcp
https://gunsnroses.com/api/mcp,gunsnroses.com,storefront-renderer,200,https://gunsnroses.com/api/mcp
https://harlequin.com/api/mcp,harlequin.com,storefront-renderer,200,https://harlequin.com/api/mcp
https://harney.com/api/mcp,harney.com,storefront-renderer,200,https://harney.com/api/mcp
https://gumball3000.com/api/mcp,gumball3000.com,storefront-renderer,200,https://gumball3000.com/api/mcp
https://harpercollins.com/api/mcp,harpercollins.com,storefront-renderer,200,https://harpercollins.com/api/mcp
https://harrys.com/api/mcp,harrys.com,storefront-renderer,200,https://harrys.com/api/mcp
https://harpercollins.com.au/api/mcp,harpercollins.com.au,storefront-renderer,200,https://harpercollins.com.au/api/mcp
https://harpercollins.co.uk/api/mcp,harpercollins.co.uk,storefront-renderer,200,https://harpercollins.co.uk/api/mcp
https://hatjecantz.de/api/mcp,hatjecantz.de,storefront-renderer,200,https://hatjecantz.de/api/mcp
https://holistapet.com/api/mcp,holistapet.com,storefront-renderer,200,https://holistapet.com/api/mcp
https://honest.com/api/mcp,honest.com,storefront-renderer,200,https://honest.com/api/mcp
https://iam8bit.com/api/mcp,iam8bit.com,storefront-renderer,200,https://iam8bit.com/api/mcp
https://hyperice.com/api/mcp,hyperice.com,storefront-renderer,200,https://hyperice.com/api/mcp
https://hunterfan.com/api/mcp,hunterfan.com,storefront-renderer,200,https://hunterfan.com/api/mcp
https://honeywellhome.com/api/mcp,honeywellhome.com,storefront-renderer,200,https://honeywellhome.com/api/mcp
https://hunterboots.com/api/mcp,hunterboots.com,storefront-renderer,200,https://hunterboots.com/api/mcp
https://hoover.com/api/mcp,hoover.com,storefront-renderer,200,https://hoover.com/api/mcp
https://hillmandeutschland.de/api/mcp,hillmandeutschland.de,storefront-renderer,200,https://hillmandeutschland.de/api/mcp
https://hyperx.com/api/mcp,hyperx.com,storefront-renderer,200,https://hyperx.com/api/mcp
https://hubo.nl/api/mcp,hubo.nl,storefront-renderer,200,https://hubo.nl/api/mcp
https://iliabeauty.com/api/mcp,iliabeauty.com,storefront-renderer,200,https://iliabeauty.com/api/mcp
https://igloocoolers.com/api/mcp,igloocoolers.com,storefront-renderer,200,https://igloocoolers.com/api/mcp
https://ideou.com/api/mcp,ideou.com,storefront-renderer,200,https://ideou.com/api/mcp
https://indigo.ca/api/mcp,indigo.ca,storefront-renderer,200,https://indigo.ca/api/mcp
https://instantpot.com/api/mcp,instantpot.com,storefront-renderer,200,https://instantpot.com/api/mcp
https://intelligentchange.com/api/mcp,intelligentchange.com,storefront-renderer,200,https://intelligentchange.com/api/mcp
https://intelligentsia.com/api/mcp,intelligentsia.com,storefront-renderer,200,https://intelligentsia.com/api/mcp
https://interscope.com/api/mcp,interscope.com,storefront-renderer,200,https://interscope.com/api/mcp
https://inventables.com/api/mcp,inventables.com,storefront-renderer,200,https://inventables.com/api/mcp
https://issaonline.com/api/mcp,issaonline.com,storefront-renderer,200,https://issaonline.com/api/mcp
https://iogear.com/api/mcp,iogear.com,storefront-renderer,200,https://iogear.com/api/mcp
https://idwpublishing.com/api/mcp,idwpublishing.com,storefront-renderer,200,https://idwpublishing.com/api/mcp
https://izotope.com/api/mcp,izotope.com,storefront-renderer,200,https://izotope.com/api/mcp
https://isseymiyake.com/api/mcp,isseymiyake.com,storefront-renderer,200,https://isseymiyake.com/api/mcp
https://islandrecords.com/api/mcp,islandrecords.com,storefront-renderer,200,https://islandrecords.com/api/mcp
https://italist.com/api/mcp,italist.com,storefront-renderer,200,https://italist.com/api/mcp
https://istudiosg.com/api/mcp,istudiosg.com,storefront-renderer,200,https://istudiosg.com/api/mcp
https://janeiredale.com/api/mcp,janeiredale.com,storefront-renderer,200,https://janeiredale.com/api/mcp
https://joyorganics.com/api/mcp,joyorganics.com,storefront-renderer,200,https://joyorganics.com/api/mcp
https://isabelmarant.com/api/mcp,isabelmarant.com,storefront-renderer,200,https://isabelmarant.com/api/mcp
https://jackery.com/api/mcp,jackery.com,storefront-renderer,200,https://jackery.com/api/mcp
https://jonathanadler.com/api/mcp,jonathanadler.com,storefront-renderer,200,https://jonathanadler.com/api/mcp
https://jbhifi.com.au/api/mcp,jbhifi.com.au,storefront-renderer,200,https://jbhifi.com.au/api/mcp
https://janeausten.co.uk/api/mcp,janeausten.co.uk,storefront-renderer,200,https://janeausten.co.uk/api/mcp
https://justcbdstore.com/api/mcp,justcbdstore.com,storefront-renderer,200,https://justcbdstore.com/api/mcp
https://jenis.com/api/mcp,jenis.com,storefront-renderer,200,https://jenis.com/api/mcp
https://kleankanteen.com/api/mcp,kleankanteen.com,storefront-renderer,200,https://kleankanteen.com/api/mcp
https://joby.com/api/mcp,joby.com,storefront-renderer,200,https://joby.com/api/mcp
https://konaworld.com/api/mcp,konaworld.com,storefront-renderer,200,https://konaworld.com/api/mcp
https://keychron.com/api/mcp,keychron.com,storefront-renderer,200,https://keychron.com/api/mcp
https://josephjoseph.com/api/mcp,josephjoseph.com,storefront-renderer,200,https://josephjoseph.com/api/mcp
https://kidrobot.com/api/mcp,kidrobot.com,storefront-renderer,200,https://kidrobot.com/api/mcp
https://koss.com/api/mcp,koss.com,storefront-renderer,200,https://koss.com/api/mcp
https://kleinfeldbridal.com/api/mcp,kleinfeldbridal.com,storefront-renderer,200,https://kleinfeldbridal.com/api/mcp
https://kusmitea.com/api/mcp,kusmitea.com,storefront-renderer,200,https://kusmitea.com/api/mcp
https://kosmos.de/api/mcp,kosmos.de,storefront-renderer,200,https://kosmos.de/api/mcp
https://lifx.com/api/mcp,lifx.com,storefront-renderer,200,https://lifx.com/api/mcp
https://leatherman.com/api/mcp,leatherman.com,storefront-renderer,200,https://leatherman.com/api/mcp
https://lightintheattic.net/api/mcp,lightintheattic.net,storefront-renderer,200,https://lightintheattic.net/api/mcp
https://lakeland.co.uk/api/mcp,lakeland.co.uk,storefront-renderer,200,https://lakeland.co.uk/api/mcp
https://lenox.com/api/mcp,lenox.com,storefront-renderer,200,https://lenox.com/api/mcp
https://levainbakery.com/api/mcp,levainbakery.com,storefront-renderer,200,https://levainbakery.com/api/mcp
https://leadershipiq.com/api/mcp,leadershipiq.com,storefront-renderer,200,https://leadershipiq.com/api/mcp
https://lamy.com/api/mcp,lamy.com,storefront-renderer,200,https://lamy.com/api/mcp
https://limitedrungames.com/api/mcp,limitedrungames.com,storefront-renderer,200,https://limitedrungames.com/api/mcp
https://lauramercier.com/api/mcp,lauramercier.com,storefront-renderer,200,https://lauramercier.com/api/mcp
https://littletikes.com/api/mcp,littletikes.com,storefront-renderer,200,https://littletikes.com/api/mcp
https://ladygaga.com/api/mcp,ladygaga.com,storefront-renderer,200,https://ladygaga.com/api/mcp
https://lordandtaylor.com/api/mcp,lordandtaylor.com,storefront-renderer,200,https://lordandtaylor.com/api/mcp
https://livingproof.com/api/mcp,livingproof.com,storefront-renderer,200,https://livingproof.com/api/mcp
https://lloydspharmacy.com/api/mcp,lloydspharmacy.com,storefront-renderer,200,https://lloydspharmacy.com/api/mcp
https://liveaquaria.com/api/mcp,liveaquaria.com,storefront-renderer,200,https://liveaquaria.com/api/mcp
https://liquiddeath.com/api/mcp,liquiddeath.com,storefront-renderer,200,https://liquiddeath.com/api/mcp
https://lodgecastiron.com/api/mcp,lodgecastiron.com,storefront-renderer,200,https://lodgecastiron.com/api/mcp
https://lionbrand.com/api/mcp,lionbrand.com,storefront-renderer,200,https://lionbrand.com/api/mcp
https://luzuk.com/api/mcp,luzuk.com,storefront-renderer,200,https://luzuk.com/api/mcp
https://lifestraw.com/api/mcp,lifestraw.com,storefront-renderer,200,https://lifestraw.com/api/mcp
https://lootcrate.com/api/mcp,lootcrate.com,storefront-renderer,200,https://lootcrate.com/api/mcp
https://magnolia.com/api/mcp,magnolia.com,storefront-renderer,200,https://magnolia.com/api/mcp
https://magnaflow.com/api/mcp,magnaflow.com,storefront-renderer,200,https://magnaflow.com/api/mcp
https://loopearplugs.com/api/mcp,loopearplugs.com,storefront-renderer,200,https://loopearplugs.com/api/mcp
https://laurenceking.com/api/mcp,laurenceking.com,storefront-renderer,200,https://laurenceking.com/api/mcp
https://makershed.com/api/mcp,makershed.com,storefront-renderer,200,https://makershed.com/api/mcp
https://magnoliabakery.com/api/mcp,magnoliabakery.com,storefront-renderer,200,https://magnoliabakery.com/api/mcp
https://luxyhair.com/api/mcp,luxyhair.com,storefront-renderer,200,https://luxyhair.com/api/mcp
https://manduka.com/api/mcp,manduka.com,storefront-renderer,200,https://manduka.com/api/mcp
https://makeblock.com/api/mcp,makeblock.com,storefront-renderer,200,https://makeblock.com/api/mcp
https://madonna.com/api/mcp,madonna.com,storefront-renderer,200,https://madonna.com/api/mcp
https://matadorrecords.com/api/mcp,matadorrecords.com,storefront-renderer,200,https://matadorrecords.com/api/mcp
https://maplin.co.uk/api/mcp,maplin.co.uk,storefront-renderer,200,https://maplin.co.uk/api/mcp
https://matchesfashion.com/api/mcp,matchesfashion.com,storefront-renderer,200,https://matchesfashion.com/api/mcp
https://mccormick.com/api/mcp,mccormick.com,storefront-renderer,200,https://mccormick.com/api/mcp
https://makeymakey.com/api/mcp,makeymakey.com,storefront-renderer,200,https://makeymakey.com/api/mcp
https://mamasandpapas.com/api/mcp,mamasandpapas.com,storefront-renderer,200,https://mamasandpapas.com/api/mcp
https://maruzenjunkudo.co.jp/api/mcp,maruzenjunkudo.co.jp,storefront-renderer,200,https://maruzenjunkudo.co.jp/api/mcp
https://mcphee.com/api/mcp,mcphee.com,storefront-renderer,200,https://mcphee.com/api/mcp
https://me.lol/api/mcp,me.lol,storefront-renderer,200,https://me.lol/api/mcp
https://mechanicalkeyboards.com/api/mcp,mechanicalkeyboards.com,storefront-renderer,200,https://mechanicalkeyboards.com/api/mcp
https://megadeth.com/api/mcp,megadeth.com,storefront-renderer,200,https://megadeth.com/api/mcp
https://medterracbd.com/api/mcp,medterracbd.com,storefront-renderer,200,https://medterracbd.com/api/mcp
https://modcloth.com/api/mcp,modcloth.com,storefront-renderer,200,https://modcloth.com/api/mcp
https://misbahwp.com/api/mcp,misbahwp.com,storefront-renderer,200,https://misbahwp.com/api/mcp
https://molekule.com/api/mcp,molekule.com,storefront-renderer,200,https://molekule.com/api/mcp
https://melissaanddoug.com/api/mcp,melissaanddoug.com,storefront-renderer,200,https://melissaanddoug.com/api/mcp
https://megafurniture.sg/api/mcp,megafurniture.sg,storefront-renderer,200,https://megafurniture.sg/api/mcp
https://merci-merci.com/api/mcp,merci-merci.com,storefront-renderer,200,https://merci-merci.com/api/mcp
https://misumiskincare.com/api/mcp,misumiskincare.com,storefront-renderer,200,https://misumiskincare.com/api/mcp
https://momastore.org/api/mcp,momastore.org,storefront-renderer,200,https://momastore.org/api/mcp
https://mfjenterprises.com/api/mcp,mfjenterprises.com,storefront-renderer,200,https://mfjenterprises.com/api/mcp
https://merchnow.com/api/mcp,merchnow.com,storefront-renderer,200,https://merchnow.com/api/mcp
https://murad.com/api/mcp,murad.com,storefront-renderer,200,https://murad.com/api/mcp
https://morebeer.com/api/mcp,morebeer.com,storefront-renderer,200,https://morebeer.com/api/mcp
https://milkbarstore.com/api/mcp,milkbarstore.com,storefront-renderer,200,https://milkbarstore.com/api/mcp
https://moroccanoil.com/api/mcp,moroccanoil.com,storefront-renderer,200,https://moroccanoil.com/api/mcp
https://mondoshop.com/api/mcp,mondoshop.com,storefront-renderer,200,https://mondoshop.com/api/mcp
https://mophie.com/api/mcp,mophie.com,storefront-renderer,200,https://mophie.com/api/mcp
https://moodfabrics.com/api/mcp,moodfabrics.com,storefront-renderer,200,https://moodfabrics.com/api/mcp
https://momcozy.com/api/mcp,momcozy.com,storefront-renderer,200,https://momcozy.com/api/mcp
https://mdaemon.com/api/mcp,mdaemon.com,storefront-renderer,200,https://mdaemon.com/api/mcp
https://moscot.com/api/mcp,moscot.com,storefront-renderer,200,https://moscot.com/api/mcp
https://minisforum.com/api/mcp,minisforum.com,storefront-renderer,200,https://minisforum.com/api/mcp
https://naturehills.com/api/mcp,naturehills.com,storefront-renderer,200,https://naturehills.com/api/mcp
https://moschino.com/api/mcp,moschino.com,storefront-renderer,200,https://moschino.com/api/mcp
https://nadelectronics.com/api/mcp,nadelectronics.com,storefront-renderer,200,https://nadelectronics.com/api/mcp
https://mymuesli.com/api/mcp,mymuesli.com,storefront-renderer,200,https://mymuesli.com/api/mcp
https://nakednutrition.com/api/mcp,nakednutrition.com,storefront-renderer,200,https://nakednutrition.com/api/mcp
https://naturemade.com/api/mcp,naturemade.com,storefront-renderer,200,https://naturemade.com/api/mcp
https://naturespath.com/api/mcp,naturespath.com,storefront-renderer,200,https://naturespath.com/api/mcp
https://nemoequipment.com/api/mcp,nemoequipment.com,storefront-renderer,200,https://nemoequipment.com/api/mcp
https://mejuri.com/api/mcp,mejuri.com,storefront-renderer,200,https://mejuri.com/api/mcp
https://neweracap.com/api/mcp,neweracap.com,storefront-renderer,200,https://neweracap.com/api/mcp
https://nyrb.com/api/mcp,nyrb.com,storefront-renderer,200,https://nyrb.com/api/mcp
https://northernbrewer.com/api/mcp,northernbrewer.com,storefront-renderer,200,https://northernbrewer.com/api/mcp
https://nothingbuthemp.net/api/mcp,nothingbuthemp.net,storefront-renderer,200,https://nothingbuthemp.net/api/mcp
https://onnit.com/api/mcp,onnit.com,storefront-renderer,200,https://onnit.com/api/mcp
https://onetreeplanted.org/api/mcp,onetreeplanted.org,storefront-renderer,200,https://onetreeplanted.org/api/mcp
https://olay.com/api/mcp,olay.com,storefront-renderer,200,https://olay.com/api/mcp
https://nothing.tech/api/mcp,nothing.tech,storefront-renderer,200,https://nothing.tech/api/mcp
https://nyandcompany.com/api/mcp,nyandcompany.com,storefront-renderer,200,https://nyandcompany.com/api/mcp
https://nickelback.com/api/mcp,nickelback.com,storefront-renderer,200,https://nickelback.com/api/mcp
https://ooni.com/api/mcp,ooni.com,storefront-renderer,200,https://ooni.com/api/mcp
https://orbitonline.com/api/mcp,orbitonline.com,storefront-renderer,200,https://orbitonline.com/api/mcp
https://oreo.com/api/mcp,oreo.com,storefront-renderer,200,https://oreo.com/api/mcp
https://outdoorresearch.com/api/mcp,outdoorresearch.com,storefront-renderer,200,https://outdoorresearch.com/api/mcp
https://outsider.com/api/mcp,outsider.com,storefront-renderer,200,https://outsider.com/api/mcp
https://opencolleges.edu.au/api/mcp,opencolleges.edu.au,storefront-renderer,200,https://opencolleges.edu.au/api/mcp
https://owletcare.com/api/mcp,owletcare.com,storefront-renderer,200,https://owletcare.com/api/mcp
https://northsails.com/api/mcp,northsails.com,storefront-renderer,200,https://northsails.com/api/mcp
https://otterbox.com/api/mcp,otterbox.com,storefront-renderer,200,https://otterbox.com/api/mcp
https://papersource.com/api/mcp,papersource.com,storefront-renderer,200,https://papersource.com/api/mcp
https://ottolenghi.co.uk/api/mcp,ottolenghi.co.uk,storefront-renderer,200,https://ottolenghi.co.uk/api/mcp
https://ovationthemes.com/api/mcp,ovationthemes.com,storefront-renderer,200,https://ovationthemes.com/api/mcp
https://oneill.com/api/mcp,oneill.com,storefront-renderer,200,https://oneill.com/api/mcp
https://papress.com/api/mcp,papress.com,storefront-renderer,200,https://papress.com/api/mcp
https://outdoorvoices.com/api/mcp,outdoorvoices.com,storefront-renderer,200,https://outdoorvoices.com/api/mcp
https://parachutehome.com/api/mcp,parachutehome.com,storefront-renderer,200,https://parachutehome.com/api/mcp
https://paulmitchell.com/api/mcp,paulmitchell.com,storefront-renderer,200,https://paulmitchell.com/api/mcp
https://pax.com/api/mcp,pax.com,storefront-renderer,200,https://pax.com/api/mcp
https://palm.com/api/mcp,palm.com,storefront-renderer,200,https://palm.com/api/mcp
https://patpat.com/api/mcp,patpat.com,storefront-renderer,200,https://patpat.com/api/mcp
https://partycity.com/api/mcp,partycity.com,storefront-renderer,200,https://partycity.com/api/mcp
https://peakdesign.com/api/mcp,peakdesign.com,storefront-renderer,200,https://peakdesign.com/api/mcp
https://patmcgrath.com/api/mcp,patmcgrath.com,storefront-renderer,200,https://patmcgrath.com/api/mcp
https://oscardelarenta.com/api/mcp,oscardelarenta.com,storefront-renderer,200,https://oscardelarenta.com/api/mcp
https://petersen.org/api/mcp,petersen.org,storefront-renderer,200,https://petersen.org/api/mcp
https://peets.com/api/mcp,peets.com,storefront-renderer,200,https://peets.com/api/mcp
https://pioneerelectronics.com/api/mcp,pioneerelectronics.com,storefront-renderer,200,https://pioneerelectronics.com/api/mcp
https://petmate.com/api/mcp,petmate.com,storefront-renderer,200,https://petmate.com/api/mcp
https://petrolicious.com/api/mcp,petrolicious.com,storefront-renderer,200,https://petrolicious.com/api/mcp
https://philosophy.com/api/mcp,philosophy.com,storefront-renderer,200,https://philosophy.com/api/mcp
https://pier1.com/api/mcp,pier1.com,storefront-renderer,200,https://pier1.com/api/mcp
https://placeboworld.co.uk/api/mcp,placeboworld.co.uk,storefront-renderer,200,https://placeboworld.co.uk/api/mcp
https://planetorganic.com/api/mcp,planetorganic.com,storefront-renderer,200,https://planetorganic.com/api/mcp
https://presonus.com/api/mcp,presonus.com,storefront-renderer,200,https://presonus.com/api/mcp
https://primalkitchen.com/api/mcp,primalkitchen.com,storefront-renderer,200,https://primalkitchen.com/api/mcp
https://plugable.com/api/mcp,plugable.com,storefront-renderer,200,https://plugable.com/api/mcp
https://pollo.net.au/api/mcp,pollo.net.au,storefront-renderer,200,https://pollo.net.au/api/mcp
https://pollosecurity.com/api/mcp,pollosecurity.com,storefront-renderer,200,https://pollosecurity.com/api/mcp
https://porchlightbooks.com/api/mcp,porchlightbooks.com,storefront-renderer,200,https://porchlightbooks.com/api/mcp
https://purekana.com/api/mcp,purekana.com,storefront-renderer,200,https://purekana.com/api/mcp
https://poundland.co.uk/api/mcp,poundland.co.uk,storefront-renderer,200,https://poundland.co.uk/api/mcp
https://puravidabracelets.com/api/mcp,puravidabracelets.com,storefront-renderer,200,https://puravidabracelets.com/api/mcp
